SFM_name,SFD_name,,,,,,,
smh_seg_id_version ,,,,,,,,
smh_msg_version,system.schemaVersion,,,,,,,
smh_tran_type,,,,,,,,
smh_cust_type,solution.customerType,,,,,,,
smh_acct_type,solution.originationType,,,,,,,
smh_authenticate_mtd,solution.authenticationType,,,,,,,
smh_channel_type,solution.channelType,,,,,,,
smh_activity_type,solution.activityType,,,,,,,
smh_activity_detail1,,,,,,,,
smh_activity_detail2,,,,,,,,
smh_activity_detail3,,,,,,,,
smh_client_tran_type,request.messageClassificationName,,,,,,,
smh_priority,,,,,,,,
smh_msg_type,,,,,,,,
smh_resp_req,request.restResponseFlg,,,,,,,
smh_sdd_ind,request.decisioningInd,,,,,,,
smh_source,request.messageSource,,,,,,,
smh_dest,request.messageDestination,,,,,,,
smh_rtn_code,system.returnType,,,,,,,
smh_reason_code,system.returnDesc,,,,,,,
smh_info1_code,,,,,,,,
smh_info2_code,,,,,,,,
smh_multi_org_name,request.messageClassificationName,,,,,,,
smh_multi_org_node_key,system.messageClassificationNode,,,,,,,
smh_multi_org_id,,,,,,,,
smh_multi_org_version,,,,,,,,
smh_build_num,system.packageVersion,,,,,,,
4,,,,,,,,
rrr_seg_id_version,,,,,,,,
rrr_service,,,,,,,,
rrr_model_package_id,modelfired.buildVersion,,,,,,,
rrr_release_version,,,,,,,,
rrr_model_id_1,modelfired.referenceIdentifier,,,,,,,
rrr_model_version_1,,,,,,,,
rrr_score_1,modelfired.score,,,,,,,
rrr_sup_score_1,modelfired.supplementalScore,,,,,,,
rrr_model_trace_1,,,,,,,,
rrr_risk_reason1_1,modelfired.supplementalReasonCode,,,,,,,
rrr_risk_reason2_1,,,,,,,,
rrr_risk_reason3_1,,,,,,,,
rrr_oper_reason1_1,,,,,,,,
rrr_oper_reason2_1,,,,,,,,
rrr_oper_reason3_1,,,,,,,,
rrr_model_id_2,The same as model_1,,,,,,,
rrr_model_version_2,,,,,,,,
rrr_score_2,The same as model_1,,,,,,,
rrr_sup_score_2,The same as model_1,,,,,,,
rrr_model_trace_2,,,,,,,,
rrr_risk_reason1_2,The same as model_1,,,,,,,
rrr_risk_reason2_2,,,,,,,,
rrr_risk_reason3_2,,,,,,,,
rrr_oper_reason1_2,,,,,,,,
rrr_oper_reason2_2,,,,,,,,
rrr_oper_reason3_2,,,,,,,,
rrr_model_id_3,The same as model_1,,,,,,,
rrr_model_version_3,,,,,,,,
rrr_score_3,The same as model_1,,,,,,,
rrr_sup_score_3,The same as model_1,,,,,,,
rrr_model_trace_3,,,,,,,,
rrr_risk_reason1_3,The same as model_1,,,,,,,
rrr_risk_reason2_3,,,,,,,,
rrr_risk_reason3_3,,,,,,,,
rrr_oper_reason1_3,,,,,,,,
rrr_oper_reason2_3,,,,,,,,
rrr_oper_reason3_3,,,,,,,,
rrr_model_id_4 ,The same as model_1,,,,,,,
rrr_model_version_4,,,,,,,,
rrr_score_4 ,The same as model_1,,,,,,,
rrr_sup_score_4 ,The same as model_1,,,,,,,
rrr_model_trace_4 ,,,,,,,,
rrr_risk_reason1_4 ,The same as model_1,,,,,,,
rrr_risk_reason2_4 ,,,,,,,,
rrr_risk_reason3_4 ,,,,,,,,
rrr_oper_reason1_4,,,,,,,,
rrr_oper_reason2_4,,,,,,,,
rrr_oper_reason3_4,,,,,,,,
rrr_prelim_dec_code,,,,,,,,
rrr_action_info,decision.outcomePrioritizationCode,,,,,,,
rrr_dnd_date,decision.dndDtTm,,,,,,,
rrr_dnd_time,,,,,,,,
rrr_action_until_date,decision.outcomeUntilDtTm,,,,,,,
rrr_action_until_time,,,,,,,,
rrr_count,,,,,,,,
rrr_action_code,decision.outcome,,,,,,,
rrr_script_1,,,,,,,,
rrr_script_2,,,,,,,,
rrr_script_3,,,,,,,,
rrr_script_4,,,,,,,,
rrr_unused,,,,,,,,
rrr_sys_rtn_code,,,,,,,,
rrr_sys_err_code,,,,,,,,
rrr_sys_err_info1,,,,,,,,
rrr_sys_err_info2,,,,,,,,
rrr_mod_rtn_code,,,,,,,,
rrr_mod_err_code,,,,,,,,
rrr_mod_err_info1,,,,,,,,
rrr_mod_err_info2,,,,,,,,
rrr_process_ind,system.processInd,,,,,,,
rrr_prelim_dec_until_date,,,,,,,,
rrr_prelim_dec_until_time,,,,,,,,
rrr_prelim_dec_info,,,,,,,,
rrr_mod_rtn_code_2,,,,,,,,
rrr_mod_rtn_code_3,,,,,,,,
rrr_mod_rtn_code_4,,,,,,,,
rrr_mod_err_code_2,,,,,,,,
rrr_mod_err_code_3,,,,,,,,
rrr_mod_err_code_4,,,,,,,,
rrr_model_score_1,,,,,,,"dhms(rqo_tran_date,0,0,rqo_tran_type)",request.messageDtTmUtc
rrr_model_score_2,,,,,,,rqo_tran_date,datepart(request.messageDtTmUtc)
rrr_model_score_3,,,,,,,,
rrr_model_score_4,,,,,,,,
1000005,,,,,,,,
rqo_seg_id_version,,,,,,,,
rqo_tran_date,,,,,,,,
rqo_tran_time,request.messageDtTmUtc,,,,,,,
rqo_tran_utc_flag,,,,,,,,
rqo_proc_utc_datetime,system.transactionDtTmUtc,,,,,,,
rqo_tran_date_alt,request.messageDtTm,,,,,,,
rqo_tran_time_alt,,,,,,,,
rqo_tran_date_client,,,,,,,,
rqo_tran_time_client,,,,,,,,
1001004,,,,,,,,
xqo_seg_id_version,,,,,,,,
xqo_cust_num,customer.identifier,,,,,,,
xqo_cust_rand_dig,,,,,,,,
xqo_sas_cust_rand_dig,,,,,,,,
xqo_language,customer.language,,,,,,,
,customer.languageCode,,,,,,,
xqo_cust_type,customer.type,,,,,,,
xqo_cust_name,customer.name,,,,,,,
xqo_limit_type,,,,,,,,
xqo_limit_sub_type,,,,,,,,
xqo_limit_amt,,,,,,,,
xqo_limit_curr_code,,,,,,,,
xqo_limit_curr_conv_rate,,,,,,,,
xqo_limit_cnt,,,,,,,,
xqo_cust_post_code,customer.addressPostcode,,,,,,,
xqo_cust_cntry_code,customer.addressCountry,,,,,,,
,customer.addressCountryCode,,,,,,,
xqo_cust_city,customer.addressCity,,,,,,,
xqo_phone,phone.full,,,,,,,
,phone.countryCode,,,,,,,
,phone.areaCode,,,,,,,
,phone.prefix,,,,,,,
,phone.line,,,,,,,
xqo_address,customer.address,,,,,,,
xqo_cust_birth_dt,customer.birthDt,,,,,,,
xqo_emp_flg,customer.employeeFlg,,,,,,,
xqo_cust_gmt_offset,customer.gmtOffset,,,,,,,
1101004,,,,,,,,
aqo_seg_id_version,,,,,,,,
aqo_acct_num,debitaccount.sortcode,,,,,,,
,debitaccount.number,,,,,,,
aqo_acct_rand_dig,,,,,,,,
aqo_sas_acct_rand_dig,,,,,,,,
aqo_billing_curr_code,debitaccount.currency,,,,,,,
,debitaccount.currencyCode,,,,,,,
aqo_bill_curr_conv_rate,,,,,,,,
aqo_branch_id,debitaccount.branchIdentifier,,,,,,,
aqo_limit_type,creditcard.spendLimitType,,,,,,,
,debitaccount.spendLimitType,,,,,,,
aqo_limit_sub_type,,,,,,,,
aqo_limit_amt,creditcard.spendLimit,,,,,,,
,debitaccount.spendLimit,,,,,,,
aqo_limit_curr_code,,,,,,,,
aqo_limit_curr_conv_rate,,,,,,,,
aqo_limit_cnt,,,,,,,,
aqo_acct_post_code,debitaccount.postcode,,,,,,,
aqo_acct_cntry_code,debitaccount.country,,,,,,,
,debitaccount.countryCode,,,,,,,
aqo_port_hier_1,,,,,,,,
aqo_port_hier_2,,,,,,,,
aqo_port_ind,,,,,,,,
1200004,,,,,,,,
aqc_seg_id_version,,,,,,,,
aqc_credit_limit,creditcard.limit,,,,,,,
aqc_cash_limit,creditcard.cashLimit,,,,,,,
aqc_client_limit,,,,,,,,
aqc_open_to_buy,,,,,,,,
aqc_bal,creditcard.balance,,,,,,,
aqc_cash_bal,creditcard.cashBalance,,,,,,,
aqc_delq_days,debitaccount.delinquencyDays,,,,,,,
1201002,,,,,,,,
aqd_seg_id_version,,,,,,,,
aqd_avail_bal,debitaccount.availableBalance,,,,,,,
aqd_bal2_type,debitaccount.balanceAlternateType,,,,,,,
aqd_bal2_amt,debitaccount.balanceAlternate,,,,,,,
aqd_bal3_type,,,,,,,,
aqd_bal3_amt,,,,,,,,
aqd_ovdf_limit,debitaccount.overdraftLimit,,,,,,,
aqd_acct_relationship,debitaccount.type,,,,,,,
1202002,,,,,,,,
aqs_seg_id_version,,,,,,,,
aqs_principal_bal,,,,,,,,
1203001,,,,,,,,
aql_seg_id_version,,,,,,,,
aql_remain_loc,,,,,,,,
aql_principal_bal,,,,,,,,
1204001,,,,,,,,
aqm_seg_id_version,,,,,,,,
aqm_mer_id,merchant.identifier,,,,,,,
aqm_mer_mcc,merchant.categoryCode,,,,,,,
aqm_term_name,merchant.name,,,,,,,
aqm_acq_id,merchant.acquiringBankIdentifier,,,,,,,
aqm_mer_rand_dig,,,,,,,,
aqm_sas_mer_rand_dig,,,,,,,,
1207000,,,,,,,,
ucm_seg_id_version,,,,,,,,
ucm_card_present,cardfinancial.cardPresentInd,,,,,,,
ucm_cat,,,,,,,,
ucm_term_pan_entry_cap,cardfinancial.terminalPanEntryInd,,,,,,,
ucm_term_pin_entry_cap,cardfinancial.terminalPinEntryInd,,,,,,,
ucm_pos,cardfinancial.posEntryType,,,,,,,
ucm_cust_present,cardfinancial.customerPresentInd,,,,,,,
ucm_cvv_cvc,,,,,,,,
ucm_cvv2_psnt,,,,,,,,
ucm_cvv2_resp,,,,,,,,
ucm_avs_resp,,,,,,,,
ucm_avs_post_code,,,,,,,,
ucm_pin_vrfy,,,,,,,,
ucm_msg_exp_date,,,,,,,,
ucm_card_exp_date,creditcard.expirationDt,,,,,,,
ucm_scheme,,,,,,,,
ucm_source,,,,,,,,
ucm_track1_present,,,,,,,,
ucm_track2_present,,,,,,,,
ucm_ch_evrfy,,,,,,,,
ucm_acs_refer_code,,,,,,,,
ucm_bio_verify,,,,,,,,
1301004,,,,,,,,
ucc_seg_id_version,,,,,,,,
ucc_chip_data_status,,,,,,,,
ucc_chip_data_scheme,,,,,,,,
ucc_arqc_valid,,,,,,,,
ucc_atc_card,,,,,,,,
ucc_atc_host,,,,,,,,
ucc_lo_atc,,,,,,,,
ucc_ol_limit_host,,,,,,,,
ucc_tvr,,,,,,,,
ucc_cvr,,,,,,,,
ucc_aip,,,,,,,,
ucc_tcp,,,,,,,,
ucc_chip_cond_code,,,,,,,,
1302001,,,,,,,,
unm_seg_id_version,,,,,,,,
unm_auth_mtd1,authentication.method,,,,,,,
unm_auth_result1,authentication.result,,,,,,,
unm_auth_mtd2,,,,,,,,
unm_auth_result2,,,,,,,,
unm_auth_mtd3,,,,,,,,
unm_auth_result3,,,,,,,,
unm_highest_sec_lvl,authentication.level,,,,,,,
unm_num_fail,authentication.attemptNumber,,,,,,,
unm_cust_doc_type,,,,,,,,
unm_cust_doc_num,,,,,,,,
unm_cust_doc_issue_date,,,,,,,,
unm_cust_doc_expiry_date,,,,,,,,
1303002,,,,,,,,
hqo_seg_id_version,,,,,,,,
hqo_card_num,,,,,,,,
hqo_entity_use_card,,,,,,,,
hqo_card_rand_dig,,,,,,,,
hqo_sas_card_rand_dig,,,,,,,,
hqo_ob_userid,,,,,,,,
hqo_entity_use_ob_userid,,,,,,,,
hqo_ob_userid_rand_dig,,,,,,,,
hqo_sas_obuserid_rand_dig,,,,,,,,
hqo_pb_userid,,,,,,,,
hqo_entity_use_pb_userid,,,,,,,,
hqo_pb_userid_rand_dig,,,,,,,,
hqo_sas_pbuserid_rand_dig,,,,,,,,
hqo_device_id,,,,,,,,
hqo_device_id_type,,,,,,,,
hqo_device_id_rand_dig,,,,,,,,
hqo_sas_deviceid_rand_dig,,,,,,,,
hqo_limit_type,,,,,,,,
hqo_limit_sub_type,,,,,,,,
hqo_limit_amt,,,,,,,,
hqo_limit_curr_code,,,,,,,,
hqo_limit_curr_conv_rate,,,,,,,,
hqo_limit_cnt,,,,,,,,
hqo_msg_type,,,,,,,,
1401003,,,,,,,,
hct_seg_id_version,,,,,,,,
hct_seq_num,,,,,,,,
hct_card_purpose,,,,,,,,
hct_ch_post_code,,,,,,,,
hct_ch_cntry_code,,,,,,,,
hct_media,,,,,,,,
hct_which_card,,,,,,,,
hct_onus_flag,,,,,,,,
hct_asso_dec_code,,,,,,,,
hct_xmit_datetime,,,,,,,,
hct_term_owner_id,merchant.acquiringBankName,,,,,,,
hct_mer_mcc,,,,,,,,
hct_term_id,,,,,,,,
hct_client_term_cat,,,,,,,,
hct_term_owner_name,merchant.name,,,,,,,
hct_term_city,merchant.city,,,,,,,
hct_term_state,merchant.state,,,,,,,
hct_term_post_code,merchant.country,,,,,,,
hct_term_cntry_code,merchant.countryCode,,,,,,,
hct_term_owner_name_lcl,,,,,,,,
hct_acq_cntry_code,,,,,,,,
hct_acq_id,,,,,,,,
1402002,,,,,,,,
hob_seg_id_version,,,,,,,,
hob_ip_address,,,,,,,,
hob_ip_address_v6,,,,,,,,
hob_ip_cntry_code,,,,,,,,
hob_ip_city,,,,,,,,
hob_ip_post_code,,,,,,,,
hob_ip_latitude,,,,,,,,
hob_ip_longitude,,,,,,,,
hob_ip_isp,,,,,,,,
hob_session_id,,,,,,,,
hob_logon_date,,,,,,,,
hob_logon_time,,,,,,,,
hob_device,,,,,,,,
hob_match_ind,,,,,,,,
hob_website_name,,,,,,,,
hob_webpage_code,,,,,,,,
1403004,,,,,,,,
hdf_seg_id_version,,,,,,,,
hdf_javascript_enable,,,,,,,,
hdf_dev_fp_type,,,,,,,,
hdf_dev_fp_val,,,,,,,,
hdf_dev_ip_address,,,,,,,,
hdf_dev_ip_address_v6,,,,,,,,
hdf_dev_lang_cd,,,,,,,,
hdf_dev_country_cd,,,,,,,,
hdf_dev_date,,,,,,,,
hdf_dev_time,,,,,,,,
hdf_dev_time_offset,,,,,,,,
hdf_dev_dst_ind,,,,,,,,
hdf_dev_dst_act,,,,,,,,
hdf_dev_cpu,,,,,,,,
hdf_dev_screen_width,,,,,,,,
hdf_dev_screen_height,,,,,,,,
hdf_dev_screen_color,,,,,,,,
hdf_bwsr_os,,,,,,,,
hdf_bwsr_type,,,,,,,,
hdf_http_accept,,,,,,,,
hdf_http_accept_encod,,,,,,,,
hdf_http_accept_charset,,,,,,,,
hdf_http_accept_lang,,,,,,,,
hdf_http_user_agent,,,,,,,,
hdf_http_referer,,,,,,,,
hdf_bwsr_cookie_enabled,,,,,,,,
hdf_server_date,,,,,,,,
hdf_server_time,,,,,,,,
hdf_mac_addr,,,,,,,,
1403102,,,,,,,,
hpb_seg_id_version,,,,,,,,
hpb_type,,,,,,,,
hpb_id,,,,,,,,
hpb_appl_type,,,,,,,,
hpb_language,,,,,,,,
hpb_ani_cntry_code,,,,,,,,
hpb_ani_num,,,,,,,,
hpb_ani_hit_ind,,,,,,,,
hpb_match_ind,,,,,,,,
hpb_call_dnis,,,,,,,,
hpb_staff_id,,,,,,,,
1404002,,,,,,,,
hbb_seg_id_version,,,,,,,,
hbb_branch_id,,,,,,,,
hbb_branch_name,,,,,,,,
hbb_branch_state,,,,,,,,
hbb_branch_post_code,,,,,,,,
hbb_branch_cntry_code,,,,,,,,
hbb_staff_id,,,,,,,,
hbb_work_station_id,,,,,,,,
1405002,,,,,,,,
hcp_seg_id_version,,,,,,,,
hcp_type,,,,,,,,
hcp_date,,,,,,,,
1406001,,,,,,,,
hbp_seg_id_version,,,,,,,,
hbp_type,,,,,,,,
hbp_application,,,,,,,,
hbp_date,,,,,,,,
hbp_staff_id,,,,,,,,
hbp_work_station_id,,,,,,,,
1407001,,,,,,,,
hot_seg_id_version,,,,,,,,
hot_channel_name,,,,,,,,
hot_description,,,,,,,,
1408001,,,,,,,,
hfc_seg_id_version,,,,,,,,
hfc_na_office_no,,,,,,,,
hfc_na_fc_no,,,,,,,,
hfc_fc_psn_no,,,,,,,,
hfc_wc_cd,,,,,,,,
hfc_rgn_no,,,,,,,,
hfc_fc_st_rgr_ind,,,,,,,,
hfc_mgt_prnt_cd,,,,,,,,
hfc_cntry_cd,,,,,,,,
hfc_from_date,,,,,,,,
hfc_to_date,,,,,,,,
hfc_iso_cntry_cd,,,,,,,,
hfc_orig_main_ofc_no,,,,,,,,
hfc_orig_fc_no,,,,,,,,
1409000,,,,,,,,
hqm_seg_id_version,,,,,,,,
hqm_payment_method,,,,,,,,
hqm_payment_id,,,,,,,,
hqm_sub_channel,,,,,,,,
hqm_sub_channel_id,,,,,,,,
hqm_payment_media,,,,,,,,
hqm_onus_flag,,,,,,,,
hqm_term_id,,,,,,,,
hqm_term_city,,,,,,,,
hqm_term_state,,,,,,,,
hqm_term_post_code,,,,,,,,
hqm_term_cntry_code,,,,,,,,
1410001,,,,,,,,
tca_seg_id_version,,,,,,,,
tca_merch_amt,,,,,,,,
tca_merch_curr_code,,,,,,,,
tca_client_amt,cardfinancial.amount,,,,,,,
tca_client_curr_code,cardfinancial.currency,,,,,,,
tca_mod_amt,cardfinancial.usdAmount,,,,,,,
tca_tran_type,,,,,,,,
tca_client_tran_type,cardfinancial.clientType,,,,,,,
tca_auth_sys_dec,request.clientDecision,,,,,,,
tca_auth_sys_info,cardfinancial.authenticationDecisionScore,,,,,,,
tca_reversal_ind,cardfinancial.reversalInd,,,,,,,
tca_stand_in_ind,cardfinancial.standInInd,,,,,,,
tca_inst_credit_ind,cardfinancial.instantCreditInd,,,,,,,
tca_cash_back_amt,cardfinancial.cashbackAmt,,,,,,,
tca_ref_num,,,,,,,,
1501001,,,,,,,,
tcp_seg_id_version,,,,,,,,
tcp_billing_amt,,,,,,,,
tcp_merch_amt,,,,,,,,
tcp_merch_curr_code,,,,,,,,
tcp_client_amt,,,,,,,,
tcp_client_curr_code,,,,,,,,
tcp_mod_amt,,,,,,,,
tcp_tran_type,,,,,,,,
tcp_client_tran_type,,,,,,,,
tcp_auth_ind,,,,,,,,
tcp_purchase_date,,,,,,,,
tcp_purchase_time,,,,,,,,
tcp_purchase_utc_flag,,,,,,,,
tcp_cash_back_amt,,,,,,,,
tcp_reversal_ind,,,,,,,,
tcp_stand_in_ind,,,,,,,,
tcp_inst_credit_ind,,,,,,,,
tcp_auth_ref_number,,,,,,,,
tcp_post_ref_number,,,,,,,,
1501101,,,,,,,,
tcm_seg_id_version,,,,,,,,
tcm_mer_amt,,,,,,,,
tcm_mer_curr_code,,,,,,,,
tcm_mod_amt,,,,,,,,
tcm_inst_credit_ind,,,,,,,,
tcm_cash_back_amt,,,,,,,,
tcm_client_tran_type,,,,,,,,
tcm_store_id,,,,,,,,
tcm_purchase_dept,,,,,,,,
tcm_item_code,,,,,,,,
tcm_item_count,,,,,,,,
tcm_shipping_address,,,,,,,,
tcm_shipping_city,,,,,,,,
tcm_shipping_state,,,,,,,,
tcm_shipping_post_code,,,,,,,,
tcm_shipping_cntry_code,,,,,,,,
tcm_billing_address,,,,,,,,
tcm_billing_city,,,,,,,,
tcm_billing_state,,,,,,,,
tcm_billing_post_code,,,,,,,,
tcm_billing_cntry_code,,,,,,,,
tcm_reversal_ind,,,,,,,,
tcm_stand_in_ind,,,,,,,,
tcm_ref_num,,,,,,,,
tcm_3d_secure,,,,,,,,
1501201,,,,,,,,
tsh_seg_id_version,,,,,,,,
tsh_tran_type,,,,,,,,
tsh_ref_num,,,,,,,,
tsh_tran_status,,,,,,,,
tsh_status_reason,,,,,,,,
tsh_revision_code,,,,,,,,
tsh_amount_type,,,,,,,,
tsh_billing_amt,,,,,,,,
tsh_client_amt,,,,,,,,
tsh_client_curr_code,,,,,,,,
tsh_mod_amt,,,,,,,,
tsh_sch_start_date,,,,,,,,
tsh_sch_end_date,,,,,,,,
tsh_recurr_freq,payment.scheduleInd,,,,,,,
tsh_self_acct_ind,,,,,,,,
tsh_bill_cat,,,,,,,,
tsh_bill_sub_cat,,,,,,,,
tsh_bill_psnt_ind,,,,,,,,
tsh_billing_ref_num,,,,,,,,
1502001,,,,,,,,
tbt_seg_id_version,,,,,,,,
tbt_tran_type,payment.type,,,,,,,
tbt_ref_num,payment.idenitifier,,,,,,,
,payment.referenceNumber,,,,,,,
tbt_description,payment.desc,,,,,,,
tbt_tran_status,payment.status,,,,,,,
tbt_status_reason,payment.statusDesc,,,,,,,
tbt_revision_code,payment.revision,,,,,,,
tbt_billing_amt,,,,,,,,
tbt_tran_amt,payment.amount,,,,,,,
tbt_tran_curr_code,payment.debitCurrency,,,,,,,
tbt_mod_amt,payment.usdAmount,,,,,,,
tbt_sch_flag,payment.scheduleFlg,,,,,,,
tbt_sch_ref_num,,,,,,,,
tbt_direct_debt_ind,payment.directDebitFlg,,,,,,,
tbt_self_acct_ind,creditaccount.selfBankFlg,,,,,,,
tbt_bill_cat,payment.subType,,,,,,,
tbt_bill_sub_cat,,,,,,,,
tbt_bill_psnt_ind,,,,,,,,
tbt_billing_ref_num,payment.BillingReferenceNumber,,,,,,,
tbt_group_id,payment.batchReferenceNumber,,,,,,,
tbt_group_amt,,,,,,,,
tbt_group_cnt,payment.batchCount,,,,,,,
tbt_group_item_id,payment.batchIdentifier,,,,,,,
1502103,,,,,,,,
tck_seg_id_version,,,,,,,,
tck_tran_status,,,,,,,,
tck_status_reason,,,,,,,,
tck_ref_num,,,,,,,,
tck_billing_amt,,,,,,,,
tck_client_amt,,,,,,,,
tck_client_curr_code,,,,,,,,
tck_mod_amt,,,,,,,,
1502202,,,,,,,,
tdp_seg_id_version,,,,,,,,
tdp_billing_amt,,,,,,,,
tdp_client_amt,,,,,,,,
tdp_client_curr_code,,,,,,,,
tdp_mod_amt,,,,,,,,
tdp_client_cash_amt,,,,,,,,
tdp_mod_cash_amt,,,,,,,,
tdp_type,,,,,,,,
tdp_client_type,,,,,,,,
tdp_sch_ind,,,,,,,,
tdp_sch_ref_num,,,,,,,,
tdp_self_acct_ind,,,,,,,,
tdp_min_due,,,,,,,,
tdp_ref_num,,,,,,,,
tdp_reversal_ind,,,,,,,,
tdp_reversal_reason,,,,,,,,
tdp_batch_ind,payment.batchFlg,,,,,,,
tdp_batch_cnt,,,,,,,,
tdp_batch_id,,,,,,,,
1502304,,,,,,,,
tcw_seg_id_version,,,,,,,,
tcw_billing_amt,,,,,,,,
tcw_client_amt,,,,,,,,
tcw_client_curr_code,,,,,,,,
tcw_mod_amt,,,,,,,,
tcw_tran_amt,,,,,,,,
tcw_curr_code,,,,,,,,
tcw_cash_form,,,,,,,,
tcw_chk_num,,,,,,,,
tcw_reversal_ind,,,,,,,,
tcw_reversal_reason,,,,,,,,
tcw_ref_num,,,,,,,,
1502403,,,,,,,,
taq_seg_id_version,,,,,,,,
taq_batch_id,,,,,,,,
taq_file_id,,,,,,,,
taq_batch_type,,,,,,,,
taq_batch_category,,,,,,,,
1503001,,,,,,,,
tab_seg_id_version,,,,,,,,
tab_rec_type,,,,,,,,
tab_originator_name,,,,,,,,
tab_originator_id,,,,,,,,
tab_svc_class_code,,,,,,,,
tab_sec,,,,,,,,
tab_enty_desc,,,,,,,,
tab_desc_date,,,,,,,,
tab_eff_date,,,,,,,,
tab_text,,,,,,,,
tab_odfi,,,,,,,,
tab_batch_number,,,,,,,,
tab_entry_count,,,,,,,,
tab_total_debit,,,,,,,,
tab_total_credit,,,,,,,,
tab_immedidate_origin,,,,,,,,
tab_create_date,,,,,,,,
tab_create_time,,,,,,,,
tab_file_id_mod,,,,,,,,
tab_file_ref,,,,,,,,
tab_app_req_ind,,,,,,,,
tab_status,,,,,,,,
tab_creator_userid,,,,,,,,
1503102,,,,,,,,
tae_seg_id_version,,,,,,,,
tae_client_amt,,,,,,,,
tae_client_curr_code,,,,,,,,
tae_mod_amt,,,,,,,,
tae_tran_code,,,,,,,,
tae_sec,,,,,,,,
tae_trace_number,,,,,,,,
tae_addenda_ind,,,,,,,,
tae_addenda1_type,,,,,,,,
tae_addenda1,,,,,,,,
tae_addenda2_type,,,,,,,,
tae_addenda2,,,,,,,,
1503201,,,,,,,,
tpp_seg_id_version,,,,,,,,
tpp_payee_payer_ind,,,,,,,,
tpp_entity_type,,,,,,,,
tpp_num,,,,,,,,
tpp_name,,,,,,,,
tpp_phone,,,,,,,,
tpp_email,,,,,,,,
tpp_social_net,,,,,,,,
tpp_social_net_id,,,,,,,,
tpp_cntry_code,,,,,,,,
tpp_city,,,,,,,,
tpp_state,,,,,,,,
tpp_post_code,,,,,,,,
tpp_bank_type,,,,,,,,
tpp_acct_type,creditaccount.type,,,,,,,
tpp_acct_sub_type,creditaccount.desc,,,,,,,
tpp_bank_cntry_code,creditaccount.country,,,,,,,
tpp_bank_city,,,,,,,,
tpp_bank_state,,,,,,,,
tpp_bank_post_code,creditaccount.postcode,,,,,,,
tpp_bank_num,,,,,,,,
tpp_bank_name,,,,,,,,
tpp_branch_id,creditaccount.sortcode,,,,,,,
,creditaccount.branchIdentifier,,,,,,,
tpp_acct_num,creditaccount.number,,,,,,,
,creditaccount.swiftCode,,,,,,,
,creditaccount.businessIdentifierCode,,,,,,,
,creditaccount.iban,,,,,,,
tpp_curr_code,creditaccount.currency,,,,,,,
tpp_tran_amt,,,,,,,,
tpp_bal,,,,,,,,
tpp_description,,,,,,,,
tpp_address,,,,,,,,
1504004,,,,,,,,
tng_seg_id_version,,,,,,,,
tng_tran_type,authentication.type,,,,,,,
tng_entity,demographic.entityInd,,,,,,,
tng_details_ind,,,,,,,,
tng_category,demographic.category,,,,,,,
tng_tran_status,demographic.status,,,,,,,
tng_status_reason,demographic.statusDesc,,,,,,,
tng_sub_tran_type,authentication.subType,,,,,,,
tng_eff_date ,demographic.effectiveDt,,,,,,,
tng_exp_date,demographic.expirationDt,,,,,,,
1505002,,,,,,,,
tmi_seg_id_version,,,,,,,,
tmi_dob,,,,,,,,
tmi_emp_type,,,,,,,,
tmi_cust_income,,,,,,,,
tmi_cust_status,,,,,,,,
tmi_status_date,,,,,,,,
tmi_init_flag,,,,,,,,
tmi_cust_since_date,,,,,,,,
tmi_cust_cntry_code,,,,,,,,
tmi_cust_city,,,,,,,,
tmi_cust_post_code,,,,,,,,
tmi_orig_ani_cntry_code,,,,,,,,
tmi_orig_ani,,,,,,,,
tmi_xfr_cust_date,,,,,,,,
tmi_xfr_cust,,,,,,,,
tmi_vip_flag,,,,,,,,
tmi_staff_ind,,,,,,,,
1508003,,,,,,,,
tmb_seg_id_version,,,,,,,,
tmb_business_open_yr,,,,,,,,
tmb_business_type,,,,,,,,
tmb_business_size,,,,,,,,
tmb_customer_status,,,,,,,,
tmb_cust_since_date,,,,,,,,
tmb_cust_cntry_code,,,,,,,,
tmb_cust_city,,,,,,,,
tmb_cust_post_code,,,,,,,,
tmb_cust_status,,,,,,,,
tmb_status_date,,,,,,,,
tmb_init_flag,,,,,,,,
tmb_xfr_cust_date,,,,,,,,
tmb_xfr_cust,,,,,,,,
1508103,,,,,,,,
tmr_seg_id_version,,,,,,,,
tmr_open_date,,,,,,,,
tmr_num_card,,,,,,,,
tmr_client_acct_type,,,,,,,,
tmr_acct_status,,,,,,,,
tmr_status_date,,,,,,,,
tmr_init_flag,,,,,,,,
tmr_prom_incent_pgm,,,,,,,,
tmr_owner_type,,,,,,,,
tmr_xfr_acct_date,,,,,,,,
tmr_xfr_acct,,,,,,,,
tmr_cl_change_date,,,,,,,,
tmr_cyc_delq,,,,,,,,
tmr_ever_delq,,,,,,,,
tmr_nsf,,,,,,,,
tmr_cum_cyc_delq,,,,,,,,
tmr_pymt_due,,,,,,,,
1508201,,,,,,,,
tmd_seg_id_version,,,,,,,,
tmd_type,,,,,,,,
tmd_open_date,,,,,,,,
tmd_num_card,,,,,,,,
tmd_client_acct_type,,,,,,,,
tmd_acct_status,,,,,,,,
tmd_status_date,,,,,,,,
tmd_init_flag,,,,,,,,
tmd_prom_incent_pgm,,,,,,,,
tmd_owner_type,,,,,,,,
tmd_xfr_acct_date,,,,,,,,
tmd_xfr_acct,,,,,,,,
tmd_amt_dpst_lmth,,,,,,,,
tmd_amt_debit_lmth,,,,,,,,
tmd_card_debit_lmth,,,,,,,,
tmd_allow_ovdf_flag,,,,,,,,
tmd_direct_dpst_flag,,,,,,,,
1508301,,,,,,,,
tms_seg_id_version,,,,,,,,
tms_orig_date,,,,,,,,
tms_type,,,,,,,,
tms_client_acct_type,,,,,,,,
tms_status,,,,,,,,
tms_status_date,,,,,,,,
tms_term,,,,,,,,
tms_mat_date,,,,,,,,
tms_pmt_sch,,,,,,,,
tms_pmt_amt,,,,,,,,
tms_org_amt,,,,,,,,
tms_org_ltv,,,,,,,,
tms_init_flag,,,,,,,,
tms_xfr_acct_date,,,,,,,,
tms_xfr_acct,,,,,,,,
tms_pmt_hist,,,,,,,,
1508402,,,,,,,,
tml_seg_id_version,,,,,,,,
tml_open_date,,,,,,,,
tml_loc_amt,,,,,,,,
tml_exp_date,,,,,,,,
tml_client_acct_type,,,,,,,,
tml_status,,,,,,,,
tml_status_date,,,,,,,,
tml_util_pct,,,,,,,,
tml_init_flag,,,,,,,,
tml_xfr_acct_date,,,,,,,,
tml_xfr_acct,,,,,,,,
tml_pmt_hist,,,,,,,,
1508502,,,,,,,,
tmc_seg_id_version,,,,,,,,
tmc_ch_cntry_code,,,,,,,,
tmc_ch_post_code,,,,,,,,
tmc_which_card,,,,,,,,
tmc_appl_src,,,,,,,,
tmc_iss_date,,,,,,,,
tmc_exp_date,,,,,,,,
tmc_lst_exp_date,,,,,,,,
tmc_iss_type,,,,,,,,
tmc_media,,,,,,,,
tmc_card_use,,,,,,,,
tmc_card_type,,,,,,,,
tmc_card_status,,,,,,,,
tmc_status_date,,,,,,,,
tmc_init_flag,,,,,,,,
tmc_xfr_card ,,,,,,,,
tmc_xfr_card_date,,,,,,,,
1508602,,,,,,,,
tmo_seg_id_version,,,,,,,,
tmo_reg_date,,,,,,,,
tmo_user_status,,,,,,,,
tmo_status_date,,,,,,,,
tmo_init_flag,,,,,,,,
tmo_xfr_user_date,,,,,,,,
tmo_xfr_user,,,,,,,,
tmo_ip_address_num,,,,,,,,
tmo_user_type,,,,,,,,
tmo_user_config1,,,,,,,,
tmo_user_config2,,,,,,,,
tmo_user_config3,,,,,,,,
1508704,,,,,,,,
tmp_seg_id_version,,,,,,,,
tmp_reg_date,,,,,,,,
tmp_user_status,,,,,,,,
tmp_status_date,,,,,,,,
tmp_init_flag,,,,,,,,
tmp_xfr_user_date,,,,,,,,
tmp_xfr_user,,,,,,,,
tmp_phone_cnt,,,,,,,,
1508802,,,,,,,,
tme_seg_id_version,,,,,,,,
tme_staff_id,,,,,,,,
tme_staff_dob,,,,,,,,
tme_staff_emp_type,,,,,,,,
tme_client_job_title,,,,,,,,
tme_department,,,,,,,,
tme_privilege_level,,,,,,,,
tme_super_staff_id,,,,,,,,
tme_prev_staff_id,,,,,,,,
tme_staff_user_id,,,,,,,,
tme_staff_status,,,,,,,,
tme_staff_status_date,,,,,,,,
tme_init_flag,,,,,,,,
tme_staff_since_date,,,,,,,,
tme_staff_cntry_code,,,,,,,,
tme_staff_city,,,,,,,,
tme_staff_post_code,,,,,,,,
tme_branch_id,,,,,,,,
tme_branch_name,,,,,,,,
tme_branch_state,,,,,,,,
tme_branch_post_code,,,,,,,,
tme_branch_cntry_code,,,,,,,,
tme_work_station_id,,,,,,,,
tme_client_ind,,,,,,,,
tme_staff_cust_num,,,,,,,,
tme_staff_acct_num_1,,,,,,,,
tme_staff_acct_num_2,,,,,,,,
1508902,,,,,,,,
tmm_seg_id_version,,,,,,,,
tmm_term_owner_open_date,,,,,,,,
tmm_term_owner_agrmt_date,,,,,,,,
tmm_agrmt_mcc,,,,,,,,
tmm_client_type,,,,,,,,
tmm_tax_id,,,,,,,,
tmm_mer_limit_type_1,,,,,,,,
tmm_mer_limit_1,,,,,,,,
tmm_mer_limit_type_2,,,,,,,,
tmm_mer_limit_2,,,,,,,,
tmm_num_locations,,,,,,,,
tmm_mer_type,,,,,,,,
1509201,,,,,,,,
tmt_seg_id_version,,,,,,,,
tmt_term_id,,,,,,,,
tmt_term_city,,,,,,,,
tmt_term_state,,,,,,,,
tmt_term_post_code,,,,,,,,
tmt_term_cntry_code,,,,,,,,
tmt_term_model,,,,,,,,
tmt_term_soft_ver,,,,,,,,
tmt_term_install_date,,,,,,,,
tmt_term_pan_entry_cap,,,,,,,,
tmt_term_pin_entry_cap,,,,,,,,
tmt_term_mcc,,,,,,,,
tmt_term_client_type,,,,,,,,
1509403,,,,,,,,
dna_seg_id_version,,,,,,,,
dna_new_city,,,,,,,,
dna_old_city,,,,,,,,
dna_new_state,,,,,,,,
dna_old_state,,,,,,,,
dna_new_cntry,,,,,,,,
dna_old_cntry,,,,,,,,
dna_new_post_code,,,,,,,,
dna_old_post_code,,,,,,,,
dna_prev_change_src,,,,,,,,
1600102,,,,,,,,
dnp_seg_id_version,,,,,,,,
dnp_new_cntry_code,,,,,,,,
dnp_new_ps,,,,,,,,
dnp_old_cntry_code,,,,,,,,
dnp_old_ps,,,,,,,,
1600201,,,,,,,,
dnc_seg_id_version,,,,,,,,
dnc_new_limit,,,,,,,,
dnc_old_limit,,,,,,,,
dnc_tmp_chg_ind,,,,,,,,
dnc_tmp_chg_exp_dt,,,,,,,,
1600301,,,,,,,,
dnu_seg_id_version,,,,,,,,
dnu_u_ind1,,,,,,,,
dnu_u_ind2,,,,,,,,
dnu_u_ind3,,,,,,,,
dnu_u_ind4,,,,,,,,
dnu_u_string1,,,,,,,,
dnu_u_string2,,,,,,,,
dnu_u_string3,,,,,,,,
dnu_u_string4,,,,,,,,
dnu_u_amt1,,,,,,,,
dnu_u_amt2,,,,,,,,
dnu_u_amt3,,,,,,,,
dnu_u_amt4,,,,,,,,
dnu_cust_doc_type,,,,,,,,
dnu_cust_doc_num,,,,,,,,
dnu_cust_doc_issue_date,,,,,,,,
dnu_cust_doc_expiry_date,,,,,,,,
1600402,,,,,,,,
dnr_seg_id_version,,,,,,,,
dnr_card_type,,,,,,,,
dnr_reissue_type,,,,,,,,
1600501,,,,,,,,
dns_seg_id_version,,,,,,,,
dns_u_ind1,,,,,,,,
dns_u_ind2,,,,,,,,
dns_u_string1_old,,,,,,,,
dns_u_string1_new,,,,,,,,
dns_u_string2_old,,,,,,,,
dns_u_string2_new,,,,,,,,
1600601,,,,,,,,
dno_seg_id_version,,,,,,,,
dno_last_active_date,,,,,,,,
dno_new_act_flag,,,,,,,,
dno_old_act_flag,,,,,,,,
1600701,,,,,,,,
dnx_seg_id_version,,,,,,,,
dnx_action,,,,,,,,
dnx_entity_type,,,,,,,,
dnx_entity_id,,,,,,,,
dnx_trf_from_entity_key,,,,,,,,
dnx_trf_to_entity_key,,,,,,,,
dnx_xfer_reason,,,,,,,,
1600802,,,,,,,,
dcb_seg_id_version,,,,,,,,
dcb_cb_score,,,,,,,,
dcb_num_opn_trd,,,,,,,,
dcb_inq_6m,,,,,,,,
dcb_inq_12m,,,,,,,,
dcb_age_oldest,,,,,,,,
dcb_age_newest,,,,,,,,
dcb_lst_updt_dt,,,,,,,,
dcb_dispute_ind,,,,,,,,
dcb_fraud_flag,,,,,,,,
1600902,,,,,,,,
dcc_seg_id_version,,,,,,,,
dcc_prin_bal,,,,,,,,
dcc_merch_amount,,,,,,,,
dcc_cyc_merch_num,,,,,,,,
dcc_cash_amount,,,,,,,,
dcc_cyc_cash_num,,,,,,,,
dcc_cyc_int_amt,,,,,,,,
dcc_cyc_overlimit_fee,,,,,,,,
dcc_cyc_late_fee,,,,,,,,
dcc_cash_fee,,,,,,,,
dcc_other_fee,,,,,,,,
dcc_nsf_num,,,,,,,,
dcc_bal_tfr_amt,,,,,,,,
dcc_bal_tfr_num,,,,,,,,
dcc_conv_check_amt,,,,,,,,
dcc_conv_check_num,,,,,,,,
dcc_return_amt,,,,,,,,
dcc_return_num,,,,,,,,
dcc_min_due,,,,,,,,
dcc_pymt_due_date,,,,,,,,
dcc_pymt_amt,,,,,,,,
dcc_pymt_num,,,,,,,,
dcc_activity_hist,,,,,,,,
dcc_delq_hist,,,,,,,,
dcc_1cyc_delq_amt,,,,,,,,
dcc_2cyc_delq_amt,,,,,,,,
dcc_3cyc_delq_amt,,,,,,,,
dcc_4p_cyc_delq_amt,,,,,,,,
dcc_chg_off_amt,,,,,,,,
dcc_chg_off_date,,,,,,,,
dcc_bk_amt,,,,,,,,
dcc_bk_date,,,,,,,,
dcc_filler,,,,,,,,
1605001,,,,,,,,
dcq_seg_id_version,,,,,,,,
dcq_chk_num,,,,,,,,
dcq_micr_line,,,,,,,,
dcq_onus_flag,,,,,,,,
dcq_present_channel,,,,,,,,
dcq_deposit_batch_id,,,,,,,,
dcq_present_date,,,,,,,,
dcq_present_post_code,,,,,,,,
dcq_present_cntry_code,,,,,,,,
dcq_present_bank_num,,,,,,,,
dcq_present_staff_id,,,,,,,,
dcq_clearance_days,,,,,,,,
dcq_special_ind,,,,,,,,
dcq_special_reason1,,,,,,,,
dcq_special_reason2,,,,,,,,
dcq_special_reason3,,,,,,,,
1606004,,,,,,,,
dba_seg_id_version,,,,,,,,
dba_entry_method,,,,,,,,
dba_template_id,,,,,,,,
dba_template_name,,,,,,,,
dba_templt_create_user,,,,,,,,
dba_template_create_date,,,,,,,,
dba_template_create_time,,,,,,,,
dba_templt_last_edit_user,,,,,,,,
dba_templt_last_edit_date,,,,,,,,
dba_templt_last_edit_time,,,,,,,,
dba_templt_approval_user,,,,,,,,
dba_templt_approval_date,,,,,,,,
dba_templt_approval_time,,,,,,,,
dba_create_userid,,,,,,,,
dba_create_date,,,,,,,,
dba_create_time,,,,,,,,
dba_approval_type_req,,,,,,,,
dba_approval_userid1,,,,,,,,
dba_approval_userid2,,,,,,,,
dba_approval_date,,,,,,,,
dba_approval_time,,,,,,,,
1606502,,,,,,,,
dmx_seg_id_version,,,,,,,,
dmx_n3_01_tag,,,,,,,,
dmx_n3_01,,,,,,,,
dmx_n3_02_tag,,,,,,,,
dmx_n3_02,,,,,,,,
dmx_n3_03_tag,,,,,,,,
dmx_n3_03,,,,,,,,
dmx_n8_01_tag,,,,,,,,
dmx_n8_01,,,,,,,,
dmx_n8_02_tag,,,,,,,,
dmx_n8_02,,,,,,,,
dmx_n8_03_tag,,,,,,,,
dmx_n8_03,,,,,,,,
dmx_n22_01_tag,,,,,,,,
dmx_n22_01,,,,,,,,
dmx_n22_02_tag,,,,,,,,
dmx_n22_02,,,,,,,,
dmx_n22_03_tag,,,,,,,,
dmx_n22_03,,,,,,,,
dmx_datetime_01_tag,,,,,,,,
dmx_date_01,,,,,,,,
dmx_time_01,,,,,,,,
dmx_datetime_02_tag,,,,,,,,
dmx_date_02,,,,,,,,
dmx_time_02,,,,,,,,
dmx_datetime_03_tag,,,,,,,,
dmx_date_03,,,,,,,,
dmx_time_03,,,,,,,,
dmx_ind_01_tag,,,,,,,,
dmx_ind_01,,,,,,,,
dmx_ind_02_tag,,,,,,,,
dmx_ind_02 ,,,,,,,,
dmx_ind_03_tag,,,,,,,,
dmx_ind_03,,,,,,,,
dmx_ind_04_tag,,,,,,,,
dmx_ind_04,,,,,,,,
dmx_ind_05_tag,,,,,,,,
dmx_ind_05,,,,,,,,
dmx_2byte_string_01_tag,,,,,,,,
dmx_2byte_string_01,,,,,,,,
dmx_2byte_string_02_tag,,,,,,,,
dmx_2byte_string_02,,,,,,,,
dmx_2byte_string_03_tag,,,,,,,,
dmx_2byte_string_03,,,,,,,,
dmx_3byte_string_01_tag,,,,,,,,
dmx_3byte_string_01,,,,,,,,
dmx_3byte_string_02_tag,,,,,,,,
dmx_3byte_string_02,,,,,,,,
dmx_3byte_string_03_tag,,,,,,,,
dmx_3byte_string_03,,,,,,,,
dmx_5byte_string_01_tag,,,,,,,,
dmx_5byte_string_01,,,,,,,,
dmx_5byte_string_02_tag,,,,,,,,
dmx_5byte_string_02,,,,,,,,
dmx_10byte_string_01_tag,,,,,,,,
dmx_10byte_string_01,,,,,,,,
dmx_10byte_string_02_tag,,,,,,,,
dmx_10byte_string_02,,,,,,,,
1609901,,,,,,,,
dee_seg_id_version,,,,,,,,
dee_entity_id_1,,,,,,,,
dee_entity_id_1_tag,,,,,,,,
dee_entity_1_rand_dig,,,,,,,,
dee_sas_entity_1_rand_dig,,,,,,,,
dee_entity_id_2,,,,,,,,
dee_entity_id_2_tag,,,,,,,,
dee_entity_2_rand_dig,,,,,,,,
dee_sas_entity_2_rand_dig,,,,,,,,
dee_entity_id_3,,,,,,,,
dee_entity_id_3_tag,,,,,,,,
dee_entity_3_rand_dig,,,,,,,,
dee_sas_entity_3_rand_dig,,,,,,,,
dee_entity_id_4,,,,,,,,
dee_entity_id_4_tag,,,,,,,,
dee_entity_4_rand_dig,,,,,,,,
dee_sas_entity_4_rand_dig,,,,,,,,
dee_entity_id_5,,,,,,,,
dee_entity_id_5_tag,,,,,,,,
dee_entity_5_rand_dig,,,,,,,,
dee_sas_entity_5_rand_dig,,,,,,,,
dee_entity_id_6,,,,,,,,
dee_entity_id_6_tag,,,,,,,,
dee_entity_6_rand_dig,,,,,,,,
dee_sas_entity_6_rand_dig,,,,,,,,
1610001,,,,,,,,
dpd_seg_id_version,,,,,,,,
dpd_n3_01_tag,,,,,,,,
dpd_n3_01,,,,,,,,
dpd_n3_02_tag,,,,,,,,
dpd_n3_02,,,,,,,,
dpd_n3_03_tag,,,,,,,,
dpd_n3_03,,,,,,,,
dpd_n22_01_tag,,,,,,,,
dpd_n22_01,,,,,,,,
dpd_n22_02_tag,,,,,,,,
dpd_n22_02,,,,,,,,
dpd_n22_03_tag,,,,,,,,
dpd_n22_03,,,,,,,,
dpd_n22_04_tag,,,,,,,,
dpd_n22_04,,,,,,,,
dpd_n22_05_tag,,,,,,,,
dpd_n22_05,,,,,,,,
dpd_datetime_01_tag,,,,,,,,
dpd_date_01,,,,,,,,
dpd_time_01,,,,,,,,
dpd_datetime_02_tag,,,,,,,,
dpd_date_02,,,,,,,,
dpd_time_02,,,,,,,,
dpd_datetime_03_tag,,,,,,,,
dpd_date_03,,,,,,,,
dpd_time_03,,,,,,,,
dpd_3byte_string_01_tag,,,,,,,,
dpd_3byte_string_01,,,,,,,,
dpd_3byte_string_02_tag,,,,,,,,
dpd_3byte_string_02,,,,,,,,
dpd_3byte_string_03_tag,,,,,,,,
dpd_3byte_string_03,,,,,,,,
dpd_5byte_string_01_tag,,,,,,,,
dpd_5byte_string_01,,,,,,,,
dpd_5byte_string_02_tag,,,,,,,,
dpd_5byte_string_02,,,,,,,,
dpd_10byte_string_01_tag,,,,,,,,
dpd_10byte_string_01,,,,,,,,
dpd_10byte_string_02_tag,,,,,,,,
dpd_10byte_string_02,,,,,,,,
1611001,,,,,,,,
dpp_seg_id_version,,,,,,,,
dpp_entity_type,,,,,,,,
dpp_num,,,,,,,,
dpp_name,,,,,,,,
dpp_phone,,,,,,,,
dpp_email,,,,,,,,
dpp_social_net,,,,,,,,
dpp_social_net_id,,,,,,,,
dpp_cntry_code,,,,,,,,
dpp_city,,,,,,,,
dpp_state,,,,,,,,
dpp_post_code,,,,,,,,
dpp_bank_type,,,,,,,,
dpp_acct_type,,,,,,,,
dpp_acct_sub_type,,,,,,,,
dpp_bank_cntry_code,,,,,,,,
dpp_bank_num,,,,,,,,
dpp_bank_name,,,,,,,,
dpp_branch_id,,,,,,,,
dpp_acct_num,,,,,,,,
dpp_curr_code,,,,,,,,
dpp_description,,,,,,,,
dpp_address,,,,,,,,
1612002,,,,,,,,
dua_seg_id_version,,,,,,,,
dua_numeric_001,,,,,,,,
dua_numeric_002,,,,,,,,
dua_numeric_003,,,,,,,,
dua_numeric_004,,,,,,,,
dua_numeric_005,,,,,,,,
dua_numeric_006,,,,,,,,
dua_numeric_007,,,,,,,,
dua_numeric_008,,,,,,,,
dua_numeric_009,,,,,,,,
dua_numeric_010,,,,,,,,
dua_numeric_011,,,,,,,,
dua_numeric_012,,,,,,,,
dua_numeric_013,,,,,,,,
dua_numeric_014,,,,,,,,
dua_numeric_015,,,,,,,,
dua_numeric_016,,,,,,,,
dua_numeric_017,,,,,,,,
dua_numeric_018,,,,,,,,
dua_numeric_019,,,,,,,,
dua_numeric_020,,,,,,,,
dua_numeric_021,,,,,,,,
dua_numeric_022,,,,,,,,
dua_numeric_023,,,,,,,,
dua_numeric_024,,,,,,,,
dua_numeric_025,,,,,,,,
dua_numeric_026,,,,,,,,
dua_numeric_027,,,,,,,,
dua_numeric_028,,,,,,,,
dua_numeric_029,,,,,,,,
dua_numeric_030,,,,,,,,
dua_8byte_string_001,,,,,,,,
dua_8byte_string_002,,,,,,,,
dua_8byte_string_003,,,,,,,,
dua_8byte_string_004,,,,,,,,
dua_8byte_string_005,,,,,,,,
dua_8byte_string_006,,,,,,,,
dua_8byte_string_007,,,,,,,,
dua_8byte_string_008,,,,,,,,
dua_8byte_string_009,,,,,,,,
dua_8byte_string_010,,,,,,,,
dua_10byte_string_001,,,,,,,,
dua_10byte_string_002,,,,,,,,
dua_10byte_string_003,,,,,,,,
dua_10byte_string_004,,,,,,,,
dua_10byte_string_005,,,,,,,,
dua_10byte_string_006,,,,,,,,
dua_10byte_string_007,,,,,,,,
dua_10byte_string_008,,,,,,,,
dua_20byte_string_001,,,,,,,,
dua_20byte_string_002,,,,,,,,
dua_20byte_string_003,,,,,,,,
dua_20byte_string_004,,,,,,,,
dua_20byte_string_005,,,,,,,,
dua_40byte_string_001,,,,,,,,
dua_40byte_string_002,,,,,,,,
dua_40byte_string_003,,,,,,,,
dua_40byte_string_004,,,,,,,,
dua_40byte_string_005,,,,,,,,
dua_80byte_string_001,,,,,,,,
dua_80byte_string_002,,,,,,,,
dua_80byte_string_003,,,,,,,,
dua_80byte_string_004,,,,,,,,
dua_80byte_string_005,,,,,,,,
1614001,,,,,,,,
dus_seg_id_version,,,,,,,,
dus_acct_type,,,,,,,,
dus_auth_sys_dec,,,,,,,,
dus_fraud_score,,,,,,,,
dus_ch_post_code,,,,,,,,
dus_ch_cntry_code,,,,,,,,
dus_avail_balance,,,,,,,,
dus_acct_limit_type_1,,,,,,,,
dus_acct_limit_1,,,,,,,,
dus_acct_limit_type_2,,,,,,,,
dus_acct_limit_2,,,,,,,,
dus_block_ind,,,,,,,,
1620001,,,,,,,,
dch_seg_id_version,,,,,,,,
dch_ref_num,,,,,,,,
dch_purchase_date,,,,,,,,
dch_purchase_time,,,,,,,,
dch_mer_amt,,,,,,,,
dch_mer_curr_code,,,,,,,,
dch_payment_method,,,,,,,,
dch_payment_id,,,,,,,,
dch_misc_data,,,,,,,,
1621000,,,,,,,,
rua_seg_id_version,,,,,,,,
rua_numeric_001,,,,,,,,
rua_numeric_002,,,,,,,,
rua_numeric_003,,,,,,,,
rua_numeric_004,,,,,,,,
rua_numeric_005,,,,,,,,
rua_numeric_006,,,,,,,,
rua_numeric_007,,,,,,,,
rua_numeric_008,,,,,,,,
rua_numeric_009,,,,,,,,
rua_numeric_010,,,,,,,,
rua_numeric_011,,,,,,,,
rua_numeric_012,,,,,,,,
rua_numeric_013,,,,,,,,
rua_numeric_014,,,,,,,,
rua_numeric_015,,,,,,,,
rua_numeric_016,,,,,,,,
rua_numeric_017,,,,,,,,
rua_numeric_018,,,,,,,,
rua_numeric_019,,,,,,,,
rua_numeric_020,,,,,,,,
rua_numeric_021,,,,,,,,
rua_numeric_022,,,,,,,,
rua_numeric_023,,,,,,,,
rua_numeric_024,,,,,,,,
rua_numeric_025,,,,,,,,
rua_numeric_026,,,,,,,,
rua_numeric_027,,,,,,,,
rua_numeric_028,,,,,,,,
rua_numeric_029,,,,,,,,
rua_numeric_030,,,,,,,,
rua_numeric_031,,,,,,,,
rua_numeric_032,,,,,,,,
rua_numeric_033,,,,,,,,
rua_numeric_034,,,,,,,,
rua_numeric_035,,,,,,,,
rua_numeric_036,,,,,,,,
rua_numeric_037,,,,,,,,
rua_numeric_038,,,,,,,,
rua_numeric_039,,,,,,,,
rua_numeric_040,,,,,,,,
rua_numeric_041,,,,,,,,
rua_numeric_042,,,,,,,,
rua_numeric_043,,,,,,,,
rua_numeric_044,,,,,,,,
rua_numeric_045,,,,,,,,
rua_numeric_046,,,,,,,,
rua_numeric_047,,,,,,,,
rua_numeric_048,,,,,,,,
rua_numeric_049,,,,,,,,
rua_numeric_050,,,,,,,,
rua_numeric_051,,,,,,,,
rua_numeric_052,,,,,,,,
rua_numeric_053,,,,,,,,
rua_numeric_054,,,,,,,,
rua_numeric_055,,,,,,,,
rua_numeric_056,,,,,,,,
rua_numeric_057,,,,,,,,
rua_numeric_058,,,,,,,,
rua_numeric_059,,,,,,,,
rua_numeric_060,,,,,,,,
rua_numeric_061,,,,,,,,
rua_numeric_062,,,,,,,,
rua_numeric_063,,,,,,,,
rua_numeric_064,,,,,,,,
rua_numeric_065,,,,,,,,
rua_numeric_066,,,,,,,,
rua_ind_001,,,,,,,,
rua_ind_002,,,,,,,,
rua_ind_003,,,,,,,,
rua_ind_004,,,,,,,,
rua_ind_005,,,,,,,,
rua_ind_006,,,,,,,,
rua_ind_007,,,,,,,,
rua_ind_008,,,,,,,,
rua_ind_009,,,,,,,,
rua_ind_010,,,,,,,,
rua_ind_011,,,,,,,,
rua_ind_012,,,,,,,,
rua_ind_013,,,,,,,,
rua_ind_014,,,,,,,,
rua_ind_015,,,,,,,,
rua_ind_016,,,,,,,,
rua_ind_017,,,,,,,,
rua_ind_018,,,,,,,,
rua_ind_019,,,,,,,,
rua_ind_020,,,,,,,,
rua_ind_021,,,,,,,,
rua_ind_022,,,,,,,,
rua_ind_023,,,,,,,,
rua_ind_024,,,,,,,,
rua_ind_025,,,,,,,,
rua_ind_026,,,,,,,,
rua_ind_027,,,,,,,,
rua_ind_028,,,,,,,,
rua_ind_029,,,,,,,,
rua_ind_030,,,,,,,,
rua_ind_031,,,,,,,,
rua_ind_032,,,,,,,,
rua_2byte_string_001,,,,,,,,
rua_2byte_string_002,,,,,,,,
rua_2byte_string_003,,,,,,,,
rua_2byte_string_004,,,,,,,,
rua_2byte_string_005,,,,,,,,
rua_2byte_string_006,,,,,,,,
rua_2byte_string_007,,,,,,,,
rua_2byte_string_008,,,,,,,,
rua_3byte_string_001,,,,,,,,
rua_3byte_string_002,,,,,,,,
rua_3byte_string_003,,,,,,,,
rua_3byte_string_004,,,,,,,,
rua_3byte_string_005,,,,,,,,
rua_3byte_string_006,,,,,,,,
rua_3byte_string_007,,,,,,,,
rua_3byte_string_008,,,,,,,,
rua_4byte_string_001,,,,,,,,
rua_4byte_string_002,,,,,,,,
rua_4byte_string_003,,,,,,,,
rua_4byte_string_004,,,,,,,,
rua_8byte_string_001,,,,,,,,
rua_8byte_string_002,,,,,,,,
rua_8byte_string_003,,,,,,,,
rua_10byte_string_001,,,,,,,,
rua_10byte_string_002,,,,,,,,
rua_10byte_string_003,,,,,,,,
rua_10byte_string_004,,,,,,,,
rua_10byte_string_005,,,,,,,,
rua_10byte_string_006,,,,,,,,
rua_10byte_string_007,,,,,,,,
rua_10byte_string_008,,,,,,,,
rua_20byte_string_001,,,,,,,,
rua_20byte_string_002,,,,,,,,
rua_20byte_string_003,,,,,,,,
rua_20byte_string_004,,,,,,,,
rua_20byte_string_005,,,,,,,,
rua_30byte_string_001,,,,,,,,
rua_30byte_string_002,,,,,,,,
rua_80byte_nls_string_001,,,,,,,,
rua_80byte_nls_string_002,,,,,,,,
rua_80byte_nls_string_003,,,,,,,,
1071003,,,,,,,,
rob_seg_id_version,,,,,,,,
rob_score_1,,,,,,,,
rob_sup_score_1,,,,,,,,
rob_score_2,,,,,,,,
rob_sup_score_2,,,,,,,,
rob_score_3,,,,,,,,
rob_sup_score_3,,,,,,,,
rob_score_4,,,,,,,,
rob_sup_score_4,,,,,,,,
rob_dec_code,,,,,,,,
rob_time,,,,,,,,
rob_date,,,,,,,,
rob_prelim_dec_code,,,,,,,,
rob_action_info,,,,,,,,
rob_dnd_date,,,,,,,,
rob_dnd_time,,,,,,,,
rob_action_until_date,,,,,,,,
rob_action_until_time,,,,,,,,
rob_count,,,,,,,,
rob_action_code,,,,,,,,
rob_cust_ind,,,,,,,,
rob_prelim_dec_until_date,,,,,,,,
rob_prelim_dec_until_time,,,,,,,,
rob_prelim_dec_info,,,,,,,,
1072001,,,,,,,,
rdk_seg_id_version,,,,,,,,
rdk_cpp_ent1_id,,,,,,,,
rdk_cpp_ent1_frd_rate,,,,,,,,
rdk_cpp_ent1_frd_pt,,,,,,,,
rdk_cpp_ent1_score,,,,,,,,
rdk_cpp_ent2_id,,,,,,,,
rdk_cpp_ent2_frd_rate,,,,,,,,
rdk_cpp_ent2_frd_pt,,,,,,,,
rdk_cpp_ent2_score,,,,,,,,
rdk_cpp_ent3_id,,,,,,,,
rdk_cpp_ent3_frd_rate,,,,,,,,
rdk_cpp_ent3_frd_pt,,,,,,,,
rdk_cpp_ent3_score,,,,,,,,
rdk_cpp_exp_date_prx,,,,,,,,
rdk_cpp_list_date,,,,,,,,
rdk_cpp_list_time,,,,,,,,
rdk_dec_key_1,,,,,,,,
1072501,,,,,,,,
rux_seg_id_version,,,,,,,,
rux_numeric_001,,,,,,,,
rux_numeric_002,,,,,,,,
rux_numeric_003,,,,,,,,
rux_numeric_004,,,,,,,,
rux_numeric_005,,,,,,,,
rux_ind_001,,,,,,,,
rux_ind_002,,,,,,,,
rux_ind_003,,,,,,,,
rux_ind_004,,,,,,,,
rux_ind_005,,,,,,,,
rux_4byte_string_001,,,,,,,,
rux_4byte_string_002,,,,,,,,
rux_4byte_string_003,,,,,,,,
rux_4byte_string_004,,,,,,,,
rux_4byte_string_005,,,,,,,,
rux_8byte_string_001,,,,,,,,
rux_8byte_string_002,,,,,,,,
rux_30byte_string_001,,,,,,,,
rux_30byte_string_002,,,,,,,,
13020002,,,,,,,,
,,,,,,,,
,,,,,,,,
,,,,,,,,
,,,,,,,,
,,,,,,,,
,,,,,,,,
,,,,,,,,
,,,,,,,,
,,,,,,,,
,,,,,,,,
,,,,,,,,
,,,,,,,,
,,,,,,,,
,,,,,,,,
,,,,,,,,
,,,,,,,,
,,,,,,,,
,,,,,,,,
,,,,,,,,
,,,,,,,,
,,,,,,,,
,,,,,,,,
,,,,,,,,
,,,,,,,,
,,,,,,,,
,,,,,,,,
,,,,,,,,
,,,,,,,,
,,,,,,,,
,,,,,,,,
,,,,,,,,
,,,,,,,,
,,,,,,,,
,,,,,,,,
,,,,,,,,
,,,,,,,,
,,,,,,,,
,,,,,,,,
,,,,,,,,
,,,,,,,,
,,,,,,,,
,,,,,,,,
,,,,,,,,
,,,,,,,,
,,,,,,,,
,,,,,,,,
,,,,,,,,
,,,,,,,,
,,,,,,,,
,,,,,,,,
,,,,,,,,
,,,,,,,,
,,,,,,,,
,,,,,,,,
,,,,,,,,
,,,,,,,,
,,,,,,,,
,,,,,,,,
,,,,,,,,
,,,,,,,,
,,,,,,,,
,,,,,,,,
,,,,,,,,
,,,,,,,,
,,,,,,,,
,,,,,,,,
,,,,,,,,
,,,,,,,,
,,,,,,,,
,,,,,,,,
,,,,,,,,
,,,,,,,,
,,,,,,,,
,,,,,,,,
,,,,,,,,
,,,,,,,,
,,,,,,,,
,,,,,,,,
,,,,,,,,
,,,,,,,,
,,,,,,,,
,,,,,,,,
,,,,,,,,
,,,,,,,,
,,,,,,,,
,,,,,,,,
,,,,,,,,
,,,,,,,,
,,,,,,,,
,,,,,,,,
,,,,,,,,
,,,,,,,,
,,,,,,,,
,,,,,,,,
,,,,,,,,
,,,,,,,,
,,,,,,,,
,,,,,,,,
,,,,,,,,
,,,,,,,,
,,,,,,,,
,,,,,,,,
,,,,,,,,
,,,,,,,,
,,,,,,,,
,,,,,,,,
,,,,,,,,
,,,,,,,,
,,,,,,,,
,,,,,,,,
,,,,,,,,
,,,,,,,,
,,,,,,,,
,,,,,,,,
,,,,,,,,
,,,,,,,,
,,,,,,,,
,,,,,,,,
,,,,,,,,
,,,,,,,,
,,,,,,,,
,,,,,,,,
,,,,,,,,
,,,,,,,,
,,,,,,,,
,,,,,,,,
,,,,,,,,
,,,,,,,,
,,,,,,,,
,,,,,,,,
,,,,,,,,
,,,,,,,,
,,,,,,,,
,,,,,,,,
,,,,,,,,
,,,,,,,,
,,,,,,,,
,,,,,,,,
,,,,,,,,
,,,,,,,,
,,,,,,,,
,,,,,,,,
,,,,,,,,
,,,,,,,,
,,,,,,,,
,,,,,,,,
,,,,,,,,
,,,,,,,,
,,,,,,,,
,,,,,,,,
,,,,,,,,
,,,,,,,,
,,,,,,,,
,,,,,,,,
,,,,,,,,
,,,,,,,,
,,,,,,,,
,,,,,,,,
,,,,,,,,
,,,,,,,,
,,,,,,,,
,,,,,,,,
,,,,,,,,
,,,,,,,,
,,,,,,,,
,,,,,,,,
,,,,,,,,
,,,,,,,,
,,,,,,,,
,,,,,,,,
,,,,,,,,
,,,,,,,,
,,,,,,,,
,,,,,,,,
,,,,,,,,
,,,,,,,,
,,,,,,,,
,,,,,,,,
,,,,,,,,
,,,,,,,,
,,,,,,,,
,,,,,,,,
,,,,,,,,
,,,,,,,,
,,,,,,,,
,,,,,,,,
,,,,,,,,
,,,,,,,,
,,,,,,,,
,,,,,,,,
,,,,,,,,
,,,,,,,,
,,,,,,,,
,,,,,,,,
,,,,,,,,
,,,,,,,,
,,,,,,,,
,,,,,,,,
,,,,,,,,
,,,,,,,,
,,,,,,,,
,,,,,,,,
,,,,,,,,
,,,,,,,,
,,,,,,,,
,,,,,,,,
,,,,,,,,
,,,,,,,,
,,,,,,,,
,,,,,,,,
,,,,,,,,
,,,,,,,,
,,,,,,,,
,,,,,,,,
,,,,,,,,
,,,,,,,,
,,,,,,,,
,,,,,,,,
,,,,,,,,
,,,,,,,,
,,,,,,,,
,,,,,,,,
,,,,,,,,
,,,,,,,,
,,,,,,,,
,,,,,,,,
,,,,,,,,
,,,,,,,,
,,,,,,,,
,,,,,,,,
,,,,,,,,
,,,,,,,,
,,,,,,,,
,,,,,,,,
,,,,,,,,
,,,,,,,,
,,,,,,,,
,,,,,,,,
,,,,,,,,
,,,,,,,,
,,,,,,,,
,,,,,,,,
,,,,,,,,
,,,,,,,,
,,,,,,,,
,,,,,,,,
,,,,,,,,
,,,,,,,,
,,,,,,,,
,,,,,,,,
,,,,,,,,
,,,,,,,,
,,,,,,,,
,,,,,,,,
,,,,,,,,
,,,,,,,,
,,,,,,,,
,,,,,,,,
,,,,,,,,
,,,,,,,,
,,,,,,,,
,,,,,,,,
,,,,,,,,
,,,,,,,,
,,,,,,,,
,,,,,,,,
,,,,,,,,
,,,,,,,,
,,,,,,,,
,,,,,,,,
,,,,,,,,
,,,,,,,,
,,,,,,,,
,,,,,,,,
,,,,,,,,
,,,,,,,,
,,,,,,,,
,,,,,,,,
,,,,,,,,
,,,,,,,,
,,,,,,,,
,,,,,,,,
,,,,,,,,
,,,,,,,,
,,,,,,,,
,,,,,,,,
,,,,,,,,
,,,,,,,,
,,,,,,,,
,,,,,,,,
,,,,,,,,
,,,,,,,,
,,,,,,,,
,,,,,,,,
,,,,,,,,
,,,,,,,,
,,,,,,,,
,,,,,,,,
,,,,,,,,
,,,,,,,,
,,,,,,,,
,,,,,,,,
,,,,,,,,
,,,,,,,,
,,,,,,,,
,,,,,,,,
,,,,,,,,
,,,,,,,,
,,,,,,,,
,,,,,,,,
,,,,,,,,
,,,,,,,,
,,,,,,,,
,,,,,,,,
,,,,,,,,
,,,,,,,,
,,,,,,,,
,,,,,,,,
,,,,,,,,
,,,,,,,,
,,,,,,,,
  ,,,,,,,,
